City_ID,City Name,Country,City ID,Latitude,Longitude,Max Temperature,Humidity,Cloudiness (%),Wind Speed
0,Bluff,NZ,2206939,-46.6,168.33,43.0,86,72,4.0
1,Talnakh,RU,1490256,69.49,88.4,60.8,72,2,15.66
2,Severo-Kuril'sk,RU,2121385,50.68,156.12,53.31,76,98,8.23
3,Saskylakh,RU,2017155,71.92,114.08,43.3,71,90,4.12
4,East London,ZA,1006984,-33.02,27.91,62.92,30,0,4.85
5,Vila Franca do Campo,PT,3372472,37.72,-25.43,71.6,83,20,4.7
6,Kamenka,RU,553766,51.32,42.77,54.0,80,100,8.99
7,New Norfolk,AU,2155415,-42.78,147.06,51.01,92,83,0.76
8,Byron Bay,AU,2172880,-28.65,153.62,63.0,93,93,13.65
9,Samarai,PG,2132606,-10.62,150.67,78.19,73,100,11.45
10,Pangnirtung,CA,6096551,66.15,-65.71,51.8,71,40,13.87
11,Carazinho,BR,3466978,-28.28,-52.79,60.13,99,100,5.82
12,Aklavik,CA,5882953,68.22,-135.01,53.6,87,90,4.7
13,Mataura,NZ,6201424,-46.19,168.86,43.0,86,1,4.0
14,Ṭikāpur,NP,1282666,28.5,81.13,78.17,91,99,8.55
15,Sungai Penuh,ID,1625929,-2.08,101.38,65.46,82,100,3.04
16,Caraúbas,BR,3402944,-5.79,-37.56,75.94,67,15,5.77
17,Bethel,US,5282297,41.37,-73.41,80.6,54,20,8.05
18,Saint George,US,5546220,37.1,-113.58,105.01,12,1,13.87
19,Broken Hill,AU,2173911,-31.95,141.43,51.8,81,40,9.17
20,Atuona,PF,4020109,-9.8,-139.03,77.45,74,70,15.88
21,Hong Kong,HK,1819729,22.29,114.16,84.99,74,0,3.0
22,Zhigansk,RU,2012530,66.77,123.37,44.08,73,56,19.89
23,Kavaratti,IN,1267390,10.57,72.64,82.33,77,100,19.73
24,Aykhal,RU,2027296,66.0,111.5,44.6,70,75,4.07
25,La Palma,US,5364022,33.85,-118.05,100.4,22,1,6.93
26,Hilo,US,5855927,19.73,-155.09,87.8,55,1,9.17
27,Vila Velha,BR,3445026,-20.33,-40.29,77.0,78,0,8.05
28,Plaeng Yao,TH,1607398,13.58,101.28,86.0,89,100,3.71
29,Vostok,RU,2013279,46.49,135.88,58.66,100,67,3.69
30,Honiara,SB,2108502,-9.43,159.95,80.6,88,75,1.97
31,Mossamedes,AO,3347019,-15.2,12.15,60.58,91,43,7.85
32,Hermanus,ZA,3366880,-34.42,19.23,55.0,84,42,11.01
33,Naze,JP,1855540,28.37,129.48,86.0,79,20,4.7
34,Mayor Pablo Lagerenza,PY,3867427,-19.93,-60.77,88.93,31,0,8.16
35,Tasiilaq,GL,3424607,65.61,-37.64,46.4,52,0,1.12
36,Hithadhoo,MV,1282256,-0.6,73.08,82.04,75,89,8.63
37,San Quintín,MX,3984997,30.48,-115.95,80.64,49,11,16.64
38,Tutóia,BR,3385899,-2.76,-42.27,78.71,79,70,11.97
39,Albany,US,5106841,42.6,-73.97,82.0,60,78,7.45
40,Nikolskoye,RU,546105,59.7,30.79,60.8,72,40,4.47
41,Zhanakorgan,KZ,1517323,43.91,67.25,72.5,27,0,5.91
42,Fairbanks,US,5861897,64.84,-147.72,71.6,43,75,8.05
43,Geraldton,AU,2070998,-28.77,114.6,50.0,76,0,8.05
44,Jamestown,US,5122534,42.1,-79.24,79.0,54,1,8.05
45,Yar-Sale,RU,1486321,66.83,70.83,45.59,79,30,8.23
46,Hobart,AU,2163355,-42.88,147.33,51.01,93,75,5.82
47,Atar,MR,2381334,20.52,-13.05,93.27,41,43,6.93
48,Qaanaaq,GL,3831208,77.48,-69.36,39.18,78,100,6.62
49,Baykit,RU,1510689,61.67,96.37,51.1,66,1,4.27
50,Saint-Philippe,RE,935215,-21.36,55.77,66.2,72,75,5.82
51,Aleksandrov Gay,RU,583345,50.15,48.57,58.48,69,2,10.69
52,Yantal',RU,2055868,56.85,105.25,48.87,65,0,4.59
53,Lompoc,US,5367788,34.64,-120.46,98.6,30,1,6.93
54,Lüderitz,NA,3355672,-26.65,15.16,56.91,73,0,18.1
55,Cabo San Lucas,MX,3985710,22.89,-109.91,87.01,66,40,16.11
56,Sabang,ID,1214026,5.89,95.32,81.79,78,63,8.43
57,Butaritari,KI,2110227,3.07,172.79,82.22,79,67,12.03
58,Diamantino,BR,3464724,-14.41,-56.45,83.89,26,0,4.09
59,Tefé,BR,3661944,-3.35,-64.71,86.0,66,20,2.24
60,Ostrovnoy,RU,556268,68.05,39.51,51.73,90,100,14.03
61,Souillac,MU,933995,-20.52,57.52,69.8,73,40,4.7
62,Ternate,ID,1624041,0.8,127.4,80.17,80,79,7.07
63,Hervey Bay,AU,2146219,-25.3,152.85,69.01,86,42,4.0
64,Krasnoarmiys'k,UA,704422,48.28,37.18,52.61,87,6,6.73
65,Thunder Bay,CA,6166142,48.4,-89.32,77.0,73,90,12.75
66,Kavieng,PG,2094342,-2.57,150.8,83.88,68,100,3.2
67,Hamilton,US,4513583,39.18,-84.53,81.0,74,90,4.7
68,Port Alfred,ZA,964432,-33.59,26.89,55.26,73,0,6.51
69,Yellowknife,CA,6185377,62.46,-114.35,60.8,63,75,19.46
70,Peleduy,RU,2018069,59.63,112.74,47.37,68,0,11.45
71,Norman Wells,CA,6089245,65.28,-126.83,57.2,93,90,10.29
72,Władysławowo,PL,3081752,54.79,18.4,66.0,93,0,1.12
73,Cape Town,ZA,3369157,-33.93,18.42,61.0,71,75,14.99
74,Saint Paul Harbor,US,5866583,57.79,-152.41,69.8,40,1,11.41
75,Mar del Plata,AR,3430863,-38.0,-57.56,54.0,58,100,5.82
76,Bonavista,CA,5905393,48.65,-53.11,55.99,86,96,3.0
77,Kapaa,US,5848280,22.08,-159.32,84.99,66,20,12.75
78,Mattru,SL,2409215,7.62,-11.83,74.79,87,100,3.58
79,Kununurra,AU,2068110,-15.77,128.73,71.6,30,49,7.16
80,Rikitea,PF,4030556,-23.12,-134.97,70.77,75,48,11.79
81,Cherskiy,RU,2126199,68.75,161.3,45.41,74,97,16.02
82,Emerald,AU,2167426,-23.53,148.17,72.0,49,75,10.29
83,Chui,UY,3443061,-33.7,-53.46,52.59,92,76,6.04
84,Zarya,RU,7117880,55.76,38.1,54.0,93,1,6.71
85,Altay,CN,1529651,47.87,88.12,56.59,79,100,1.25
86,Fershampenuaz,RU,562878,53.52,59.81,52.61,96,54,4.7
87,Palauig,PH,1696188,15.44,119.9,82.45,71,60,2.33
88,Andros,GR,265040,37.83,24.93,80.01,49,0,8.99
89,Lisala,CD,211734,2.15,21.52,75.4,77,98,2.04
90,Puerto Ayora,EC,3652764,-0.74,-90.35,68.0,93,98,4.0
91,José de Freitas,BR,3397230,-4.76,-42.58,84.2,58,100,3.36
92,Aliaga,PH,1731529,15.52,120.87,78.53,88,76,0.69
93,Ushuaia,AR,3833367,-54.8,-68.3,35.6,92,40,11.41
94,Cabedelo,BR,3404558,-6.98,-34.83,73.4,94,20,5.82
95,Tautira,PF,4033557,-17.73,-149.15,82.4,74,75,9.17
96,Shizunai-furukawachō,JP,2128025,42.33,142.37,69.75,83,81,14.5
97,San Patricio,MX,3985168,19.22,-104.7,89.6,75,75,11.41
98,Bārmer,IN,1276901,25.75,71.38,84.36,74,100,13.87
99,Avarua,CK,4035715,-21.21,-159.78,77.0,94,22,12.75
100,Barrow,US,5880054,71.29,-156.79,51.8,76,75,12.75
101,Nome,US,5870133,64.5,-165.41,55.99,76,40,16.11
102,Dingle,PH,1714733,11.0,122.67,77.97,88,90,2.21
103,Shorap’ani,GE,611964,42.09,43.09,64.4,93,43,1.12
104,Taraz,KZ,1516905,42.9,71.37,62.6,42,18,8.95
105,Pochutla,MX,3517970,15.74,-96.47,90.0,55,20,9.17
106,Port Hardy,CA,6111862,50.7,-127.42,62.6,82,90,8.05
107,Rincon,US,4218882,32.3,-81.24,82.4,74,75,4.7
108,Punta Arenas,CL,3874787,-53.15,-70.92,32.0,90,90,4.7
109,Meadow Lake,US,5478673,34.8,-106.54,96.8,11,75,5.82
110,Oranjemund,NA,3354071,-28.55,16.43,53.44,91,0,4.43
111,Pacific Grove,US,5380437,36.62,-121.92,100.0,22,1,11.41
112,Faanui,PF,4034551,-16.48,-151.75,78.82,79,9,15.84
113,Thompson,CA,6165406,55.74,-97.86,71.6,43,90,11.41
114,Phayakkhaphum Phisai,TH,1607763,15.52,103.19,75.2,88,100,3.36
115,Northam,GB,2641434,51.03,-4.22,66.0,92,91,3.65
116,Te Anau,NZ,2181625,-45.42,167.72,41.7,73,36,1.07
117,Margate,GB,2643044,51.38,1.39,70.0,70,66,1.99
118,Kaitangata,NZ,2208248,-46.28,169.85,45.0,65,2,8.01
119,Haines Junction,CA,5969025,60.75,-137.51,58.95,57,100,2.42
120,Ancud,CL,3899695,-41.87,-73.82,41.0,93,75,9.17
121,George Town,MY,1735106,5.41,100.34,78.8,94,20,2.26
122,Ust-Tsilma,RU,477940,65.44,52.15,40.19,84,4,2.84
123,La Ronge,CA,6050066,55.1,-105.28,69.8,43,40,8.05
124,Vaini,TO,4032243,-21.2,-175.2,75.2,69,40,14.99
125,Ponta do Sol,PT,2264557,32.67,-17.1,73.4,64,20,6.93
126,Port-Cartier,CA,6111696,50.03,-66.87,64.99,67,20,4.7
127,San Jacinto,US,5392090,33.78,-116.96,107.01,17,4,8.86
128,Tuktoyaktuk,CA,6170031,69.45,-133.04,51.8,76,75,4.7
129,Sitka,US,5557293,57.05,-135.33,57.2,93,90,10.29
130,Upernavik,GL,3418910,72.79,-56.15,40.78,68,1,12.1
131,Tuatapere,NZ,2180815,-46.13,167.68,44.01,85,20,4.0
132,Bealanana,MG,1068670,-14.55,48.73,57.92,92,96,4.23
133,Mahon,ES,2514301,39.89,4.27,73.4,88,0,8.57
134,Poum,NC,2138555,-20.23,164.02,70.47,70,9,8.14
135,Jérémie,HT,3723593,18.65,-74.12,84.22,73,87,3.56
136,Busselton,AU,2075265,-33.65,115.33,55.0,88,35,12.77
137,Ust-Kuyga,RU,2013921,70.02,135.6,36.48,91,99,7.63
138,Bandar,ID,1215498,2.05,99.75,75.58,88,98,1.28
139,Laas,IT,3175096,46.62,10.7,57.2,87,75,8.05
140,Carnarvon,AU,2074865,-24.87,113.63,50.0,100,0,4.7
141,Kaka,TM,161901,37.35,59.61,81.0,38,0,1.99
142,San Cristobal,VE,3628473,7.77,-72.22,82.4,69,40,3.36
143,Raja,SS,368246,8.46,25.68,70.66,94,98,3.22
144,Berbera,SO,64435,10.44,45.01,92.98,43,100,16.08
145,Omsukchan,RU,2122493,62.53,155.8,52.12,77,100,3.24
146,Chokurdakh,RU,2126123,70.63,147.92,38.43,86,100,5.57
147,Marsá Maţrūḩ,EG,352733,31.35,27.25,77.0,78,0,5.82
148,Pharr,US,4718721,26.19,-98.18,95.0,44,1,9.17
149,Destin,US,4153188,30.39,-86.5,87.8,66,40,5.82
150,Sur,OM,286245,22.57,59.53,86.94,60,94,8.28
151,Isla Mujeres,MX,3526756,21.23,-86.73,86.0,79,75,8.05
152,Aktobe,KZ,610611,50.28,57.21,57.2,76,34,4.47
153,Faya,SA,110690,18.39,42.45,71.6,73,94,2.91
154,Lorengau,PG,2092164,-2.02,147.27,82.36,74,93,3.74
155,Vila do Maio,CV,3374120,15.13,-23.22,77.0,94,90,8.05
156,Arraial do Cabo,BR,3471451,-22.97,-42.03,73.4,83,23,12.75
157,Gizo Government Station,SB,2108857,-8.1,156.84,82.2,73,93,4.41
158,Pontes e Lacerda,BR,3453060,-15.23,-59.34,85.87,29,8,4.12
159,Moose Factory,CA,6078372,51.26,-80.61,82.4,45,1,6.93
160,Umm Kaddadah,SD,364933,13.6,26.69,84.42,52,75,6.42
161,Malakwal,PK,1171376,32.55,73.21,85.28,72,0,5.14
162,Aksu,CN,1529660,41.12,80.26,70.95,32,16,4.29
163,Bismil,TR,321031,37.85,40.67,80.6,73,0,5.82
164,Kletskaya,RU,547677,49.31,43.06,45.0,89,61,1.99
165,Constitución,CL,3893726,-35.33,-72.42,47.3,74,0,13.15
166,Narganá,PA,3703946,9.44,-78.59,81.25,82,78,10.2
167,Soma,TR,300371,39.19,27.61,73.4,68,0,3.36
168,Leningradskiy,RU,2123814,69.38,178.42,61.54,43,37,14.18
169,Dudinka,RU,1507116,69.41,86.18,60.8,72,16,15.66
170,Bambous Virieux,MU,1106677,-20.34,57.76,69.8,73,40,4.7
171,Manggar,ID,1636426,-2.88,108.27,80.42,82,40,8.52
172,Nemuro,JP,2128975,43.32,145.57,58.69,95,99,14.05
173,Longyearbyen,SJ,2729907,78.22,15.64,46.4,65,75,27.51
174,La Unión,PE,3695466,-5.4,-80.75,72.07,58,95,17.72
175,Necochea,AR,3430443,-38.55,-58.74,51.01,73,88,5.99
176,Puerto Baquerizo Moreno,EC,3652758,-0.9,-89.6,66.56,90,100,13.09
177,Ust'-Ishim,RU,1488206,57.69,71.17,44.4,93,1,4.0
178,Phaphūnd,IN,1259801,26.6,79.47,84.25,80,100,3.85
179,Kodinsk,RU,1503037,58.69,99.18,52.84,65,0,5.95
180,Phuket,TH,1151253,8.0,98.25,82.99,94,20,2.24
181,Martapura,ID,1636022,-3.42,114.85,77.0,94,20,4.7
182,Shalinskoye,RU,1492466,55.72,93.76,56.16,90,5,2.95
183,San Vicente,AR,3428068,-26.62,-54.13,64.13,95,88,2.42
184,Santa Rosa de Aguán,HN,3601496,15.95,-85.72,83.41,75,100,8.97
185,Mount Gambier,AU,2156643,-37.83,140.77,48.2,100,90,5.82
186,Baijiantan,CN,1529626,45.63,85.18,69.28,48,25,5.48
187,Tornio,FI,634093,65.85,24.15,57.2,100,75,4.7
188,Anloga,GH,2304548,5.79,0.9,75.2,88,75,10.29
189,Biltine,TD,244878,14.53,20.92,79.25,72,74,5.91
190,Rengasdengklok,ID,1629710,-6.16,107.3,77.0,100,20,4.63
191,Yulara,AU,6355222,-25.24,130.99,51.8,53,0,4.7
192,Codrington,AU,2171099,-38.27,141.97,48.16,94,54,7.16
193,Meulaboh,ID,1214488,4.14,96.13,77.05,81,82,4.16
194,Beloha,MG,1067565,-25.17,45.05,57.7,85,0,5.82
195,Asău,RO,686090,46.43,26.4,55.0,91,0,2.39
196,Rio Branco,BR,3662574,-9.97,-67.81,86.0,66,46,3.36
197,Coari,BR,3664539,-4.08,-63.14,84.29,47,51,1.14
198,Saldanha,ZA,3361934,-33.01,17.94,57.2,71,68,4.7
199,Daşoguz,TM,601734,41.84,59.97,71.6,43,0,6.93
200,Vredendal,ZA,3359736,-31.67,18.5,51.19,90,8,5.86
201,Shimoda,JP,1852357,34.67,138.95,86.0,84,20,8.05
202,Auki,SB,2109701,-8.77,160.7,84.85,65,9,3.78
203,Westlock,CA,6179138,54.15,-113.87,70.0,40,75,13.87
204,Takoradze,GH,2294915,4.88,-1.76,75.43,87,96,11.48
205,Sayyan,YE,70979,15.17,44.32,65.82,64,95,2.73
206,Casino,AU,2172153,-28.87,153.05,62.6,93,65,10.29
207,Aswān,EG,359792,24.09,32.91,87.26,27,81,7.63
208,Salamiyah,SY,164947,35.01,37.05,70.32,69,0,7.83
209,Kaupanger,NO,7288345,61.18,7.24,59.43,74,35,2.26
210,Tamsweg,AT,2763929,47.13,13.81,59.0,96,93,3.74
211,Srednekolymsk,RU,2121025,67.45,153.68,45.07,73,96,10.71
212,Lærdal,NO,3148569,61.1,7.48,55.0,81,47,1.99
213,Pevek,RU,2122090,69.7,170.31,44.92,78,100,12.91
214,Pisco,PE,3932145,-13.7,-76.22,63.0,77,11,14.99
215,Ahipara,NZ,2194098,-35.17,173.17,56.88,74,15,7.83
216,Ilulissat,GL,3423146,69.22,-51.1,42.8,56,17,3.36
217,Mongo,TD,2427637,12.18,18.69,76.75,84,100,3.44
218,Airai,TL,1651810,-8.93,125.41,60.66,66,0,2.86
219,Tucumã,BR,3385980,-0.18,-50.05,79.47,83,88,10.16
220,Hay River,CA,5972762,60.82,-115.8,60.8,82,75,16.11
221,Dukat,RU,2125906,62.55,155.55,49.33,82,100,3.4
222,Barra de Tecoanapa,MX,3516171,16.52,-98.75,86.36,69,84,10.13
223,Nadadores,MX,3995154,27.05,-101.6,104.0,11,0,5.01
224,Marawi,PH,1701054,8.0,124.29,77.0,84,90,5.01
225,Salalah,OM,286621,17.02,54.09,77.0,94,75,3.36
226,Waddān,LY,2209055,29.16,16.14,76.59,49,0,9.86
227,Flinders,AU,6255012,-34.58,150.86,62.01,77,99,7.0
228,Leshukonskoye,RU,535839,64.9,45.76,43.83,80,95,4.07
229,Bamenda,CM,2234974,5.95,10.16,63.07,93,93,3.15
230,Marsh Harbour,BS,3571913,26.54,-77.06,84.74,61,0,6.67
231,Desbiens,CA,7535694,48.42,-71.95,73.4,64,20,3.36
232,Nanortalik,GL,3421765,60.14,-45.24,43.41,81,96,8.37
233,Lichinga,MZ,1043893,-13.31,35.24,60.8,67,75,4.7
234,Westport,US,4845585,41.14,-73.36,82.0,65,1,8.05
235,Mariehamn,AX,3041732,60.1,19.93,55.4,100,3,2.24
236,Ban Tak,TH,1154677,17.04,99.08,75.2,100,90,2.86
237,Yerbogachën,RU,2012956,61.28,108.01,45.19,70,0,8.61
238,São Filipe,CV,3374210,14.9,-24.5,77.95,87,81,5.75
239,Mattoon,US,4244099,39.48,-88.37,84.99,62,1,8.05
240,Almaty,KZ,1526384,43.25,76.95,60.8,55,20,4.47
241,Asilah,MA,2557055,35.47,-6.03,71.6,73,0,4.7
242,Ketchikan,US,5554428,55.34,-131.65,59.0,100,90,11.41
243,Polovinnoye,RU,1494523,54.79,65.99,54.77,66,100,7.45
244,Chuka,KE,199284,-0.33,37.65,61.3,79,100,4.34
245,Bereda,ES,3105522,43.27,-7.54,61.0,88,68,0.81
246,Koungheul,SN,2249554,13.98,-14.8,77.92,90,67,9.46
247,Emilio Carranza,MX,3514843,19.97,-96.61,83.17,70,46,4.47
248,Vardø,NO,777019,70.37,31.11,53.6,81,75,4.7
249,Zonhoven,BE,2783189,50.99,5.37,71.01,88,42,1.12
250,Sovetskaya,RU,490065,44.78,41.17,54.61,65,14,2.71
251,Yangi Marg`ilon,UZ,1513491,40.43,71.72,73.4,33,20,9.17
252,Azare,NG,2348595,11.68,10.19,72.55,90,95,10.18
253,Caravelas,BR,3466980,-17.71,-39.25,71.19,85,0,6.2
254,Bilma,NE,2446796,18.69,12.92,94.15,26,0,8.16
255,Esperance,AU,2071860,-33.87,121.9,46.4,93,34,10.29
256,Port Elizabeth,ZA,964420,-33.92,25.57,50.0,87,0,6.93
257,Jolalpan,MX,3819050,18.32,-98.84,81.79,61,15,3.69
258,Iqaluit,CA,5983720,63.75,-68.51,59.0,62,75,13.87
259,Gwadar,PK,1177446,25.12,62.33,82.69,78,90,3.6
260,Torbay,CA,6167817,47.67,-52.73,57.99,100,90,16.11
261,Sretensk,RU,2016110,52.25,117.71,61.61,83,25,1.1
262,Kibaya,TZ,158006,-5.3,36.57,53.26,86,5,3.22
263,Ocampo,MX,3994535,21.65,-101.5,71.24,38,0,14.99
264,Bulgan,MN,2032201,48.81,103.53,56.43,82,61,2.84
265,Monrovia,LR,2274895,6.3,-10.8,73.4,94,75,9.31
266,Narsaq,GL,3421719,60.92,-46.05,50.0,76,22,4.7
267,Provideniya,RU,4031574,64.38,-173.3,55.87,62,74,8.19
268,Merauke,ID,2082539,-8.47,140.33,80.22,77,87,11.5
269,Quatre Cocos,MU,1106643,-20.21,57.76,69.8,73,40,4.7
270,Port Augusta,AU,2063056,-32.5,137.77,48.99,100,35,10.29
271,Keflavik,IS,3415496,64.0,-22.56,51.8,93,82,11.41
272,Natchez,US,4437982,31.56,-91.4,87.8,62,1,3.36
273,Ribeira Grande,PT,3372707,38.52,-28.7,73.17,80,61,11.16
274,Erenhot,CN,2037485,43.65,111.98,74.93,42,84,9.26
275,Alofi,NU,4036284,-19.06,-169.92,77.0,88,26,10.29
276,Mayo,US,4362001,38.89,-76.51,77.0,94,90,8.05
277,Freeport,US,5117949,40.66,-73.58,82.99,48,1,6.93
278,Hirara,JP,1862505,24.8,125.28,84.2,83,20,8.05
279,Durant,US,4535414,33.99,-96.37,100.4,31,1,8.05
280,Bandarbeyla,SO,64814,9.49,50.81,75.67,76,100,29.93
281,Banff,CA,5892532,51.18,-115.57,66.99,45,90,17.0
282,Coos Bay,US,5720495,43.37,-124.22,89.01,60,1,27.51
283,Port Montt,CL,3874960,-41.47,-72.94,39.2,93,75,3.36
284,Villamontes,BO,3901547,-21.25,-63.5,75.72,36,0,5.66
285,Namatanai,PG,2090021,-3.67,152.43,84.24,68,100,3.62
286,Dikson,RU,1507390,73.51,80.55,44.19,97,97,16.71
287,Hollola,FI,657530,61.05,25.43,59.0,92,38,4.56
288,Ojinaga,MX,3994469,29.57,-104.42,107.6,9,1,11.41
289,Manadhoo,MV,1337618,5.77,73.38,81.81,78,100,11.25
290,Bredasdorp,ZA,1015776,-34.53,20.04,59.0,58,0,16.11
291,Ola,RU,2122574,59.58,151.28,58.01,79,99,2.13
292,Gamba,GA,2400547,-2.65,10.0,73.27,84,100,7.16
293,Adrar,MR,2381972,20.5,-10.07,98.65,26,52,6.44
294,Sorong,ID,1626542,-0.88,131.25,77.79,87,98,8.1
295,Nynäshamn,SE,2687636,58.9,17.95,64.0,49,0,6.44
296,Lauchhammer,DE,2880221,51.5,13.8,66.99,83,100,6.55
297,Ahvāz,IR,144448,31.32,48.67,93.2,26,0,6.93
298,Dunedin,NZ,2191562,-45.87,170.5,46.0,68,0,17.0
299,Roald,NO,3141667,62.58,6.13,55.99,87,7,12.75
300,Beringovskiy,RU,2126710,63.05,179.32,56.95,66,49,12.01
301,Berlevåg,NO,780687,70.86,29.09,51.91,90,100,10.74
302,Half Moon Bay,US,5354943,37.46,-122.43,102.0,18,5,10.29
303,Egvekinot,RU,4031742,66.32,-179.17,55.9,64,100,9.71
304,Hualmay,PE,3939761,-11.1,-77.61,59.52,82,60,11.32
305,Cairns,AU,2172797,-16.92,145.77,75.99,69,34,6.93
306,Verkh-Usugli,RU,2013459,52.7,115.17,57.51,84,87,1.61
307,Evensk,RU,2125693,61.95,159.23,55.76,69,100,4.99
308,Svojat,BA,3211287,44.39,18.74,69.8,94,40,3.36
309,Inhambane,MZ,1045114,-23.86,35.38,63.5,76,0,8.28
310,Kloulklubed,PW,7671223,7.04,134.26,80.6,88,75,8.05
311,Walvis Bay,NA,3359638,-22.96,14.51,55.0,93,0,6.93
312,Al Bardīyah,LY,80509,31.76,25.09,77.79,76,0,14.52
313,Henties Bay,NA,3356832,-22.12,14.28,55.0,94,0,5.48
314,Sibi,PK,1164896,29.54,67.88,97.83,42,0,6.51
315,Lerwick,GB,2644605,60.15,-1.15,51.8,93,1,11.41
316,Lokosovo,RU,1500399,61.13,74.82,49.28,96,100,11.48
317,Ingham,US,4997130,42.6,-84.38,80.01,78,75,4.7
318,Manaure,CO,3675504,11.78,-72.44,84.02,70,100,18.9
319,Matagami,CA,6067747,49.75,-77.63,72.46,49,0,2.71
320,Santa Cruz de la Sierra,BO,3904906,-17.8,-63.17,77.0,73,40,12.75
321,Lumby,CA,6061958,50.25,-118.97,80.01,31,1,5.82
322,Muros,ES,3115824,42.78,-9.06,62.6,77,90,3.36
323,Port Blair,IN,1259385,11.67,92.75,82.38,79,100,16.8
324,Contamana,PE,3697838,-7.33,-75.02,81.97,66,30,2.66
325,Kiryat Gat,IL,293842,31.61,34.76,78.01,41,0,3.94
326,Thibodaux,US,4343429,29.8,-90.82,84.0,85,100,5.35
327,Wamba,NG,2319257,8.93,8.6,69.06,95,69,4.14
328,Maltahöhe,NA,3355624,-24.83,16.98,56.21,35,0,9.95
329,Nālūt,LY,2214432,30.33,10.85,78.69,29,0,11.54
330,Sulangan,PH,1685422,11.14,123.72,82.76,75,82,8.48
331,Mâncio Lima,BR,3663516,-7.61,-72.9,79.14,74,100,3.29
332,Bursa,TR,750268,40.17,29.08,59.0,87,0,5.66
333,Husavik,IS,2629833,66.04,-17.34,57.2,41,7,25.28
334,Castro,BR,3466704,-24.79,-50.01,62.56,83,37,5.41
335,Olafsvik,IS,3414079,64.89,-23.71,49.82,79,22,12.08
336,Santa Catalina,PH,1688363,9.33,122.86,81.9,75,47,1.72
337,Moba,CN,7341918,33.23,105.02,59.54,99,100,3.8
338,St. George's,GD,3579925,12.06,-61.75,82.4,78,20,9.17
339,Saravan,AM,174726,39.72,45.65,68.0,64,90,5.37
340,Newport,GB,2641598,51.59,-3.0,64.99,96,98,8.93
341,Luanda,AO,2240449,-8.84,13.23,71.6,88,75,4.7
342,Pyapon,MM,1299237,16.28,95.68,77.34,91,100,6.6
343,Mugur-Aksy,RU,1498283,50.35,90.5,49.19,75,100,2.68
344,Ust'-Omchug,RU,2120047,61.15,149.63,55.26,66,99,6.2
345,Santa Rosa,PH,1687894,14.31,121.11,78.8,88,83,1.97
346,Keelung,TW,1678228,25.13,121.74,84.2,79,75,1.12
347,Bindki,IN,1275572,26.03,80.6,82.29,84,100,4.36
348,Chapais,CA,5919850,49.78,-74.85,73.4,43,1,4.7
349,Klaksvík,FO,2618795,62.23,-6.59,53.6,100,70,5.82
350,Douglas,US,5067114,41.3,-96.17,82.99,78,1,8.05
351,Kruisfontein,ZA,986717,-34.0,24.73,45.63,91,0,3.78
352,Makakilo City,US,5850554,21.35,-158.09,89.6,43,75,6.93
353,Astoria,US,5711847,46.19,-123.83,80.01,60,1,17.22
354,Zyryanovsk,KZ,1516438,49.74,84.27,52.36,86,48,0.47
355,Kochki,RU,1503061,54.34,80.48,55.11,90,93,7.38
356,Grand Gaube,MU,934479,-20.01,57.66,64.99,78,8,4.0
357,Otacílio Costa,BR,3455750,-27.48,-50.12,60.84,98,99,6.15
358,Prainha,BR,3391287,-1.8,-53.48,84.47,54,41,4.14
359,Port Hedland,AU,2063042,-20.32,118.57,53.6,81,0,5.82
360,Kirakira,SB,2178753,-10.45,161.92,84.2,68,100,3.33
361,Sakakah,SA,102527,29.97,40.21,87.8,22,0,18.34
362,Daru,PG,2098329,-9.08,143.21,79.48,72,97,14.54
363,Ulaangom,MN,1515029,49.98,92.07,63.57,53,100,5.19
364,Darovskoy,RU,567047,58.77,47.96,44.98,81,76,8.66
365,Houston,US,4699066,29.76,-95.36,97.0,49,20,12.75
366,Xining,CN,1788852,36.62,101.77,56.17,69,54,1.99
367,Kahului,US,5847411,20.89,-156.47,89.6,52,40,25.28
368,Bar Harbor,US,4957320,44.39,-68.2,78.8,54,75,4.7
369,Masuguru,TZ,878054,-11.37,38.42,65.34,72,12,1.92
370,Christchurch,NZ,2192362,-43.53,172.63,50.0,81,0,2.24
371,Lebu,CL,3883457,-37.62,-73.65,46.47,68,67,8.81
372,Krasne,UA,704277,49.91,24.61,64.4,59,10,8.95
373,Bathsheba,BB,3374083,13.22,-59.52,80.6,78,20,5.82
374,Bondoukou,CI,2291136,8.03,-2.8,71.33,96,100,7.14
375,Skjervøy,NO,777682,70.03,20.97,54.57,82,100,13.56
376,Port Macquarie,AU,2152659,-31.43,152.92,69.01,99,51,1.99
377,Eydhafushi,MV,1337606,5.1,73.07,82.02,75,98,9.95
378,Menzel Kamel,TN,2469255,35.62,10.67,89.6,43,51,10.29
379,Ambovombe,MG,1079048,-25.17,46.08,64.36,79,43,8.88
380,Departamento de Maldonado,UY,3441890,-34.67,-54.92,57.0,82,75,6.93
381,Lázaro Cárdenas,MX,4026082,17.96,-102.2,84.31,78,100,10.22
382,Daud Khel,PK,1180419,32.88,71.57,92.61,52,45,5.41
383,Itabira,BR,3460960,-19.62,-43.23,73.4,53,6,5.82
384,Sousse,TN,2464915,35.83,10.64,89.6,38,66,10.29
385,Townsville,AU,2146142,-19.25,146.8,75.2,73,75,4.7
386,Pitimbu,BR,3391889,-7.47,-34.81,73.4,94,20,5.82
387,Pemba,MZ,1028918,-12.97,40.52,73.0,88,20,10.29
388,Subachoque,CO,3667760,4.93,-74.17,60.8,67,75,2.24
389,Zima,RU,2012484,53.92,102.04,58.64,91,64,4.5
390,Taoudenni,ML,2450173,22.68,-3.98,101.89,21,10,9.28
391,Saint Anthony,US,5044290,45.02,-93.22,82.99,65,1,16.11
392,Gritsovskiy,RU,558497,54.14,38.16,47.1,88,10,7.38
393,Khazar,RU,828062,42.0,48.33,72.81,67,100,8.5
394,Ambilobe,MG,1082243,-13.2,49.05,71.33,74,83,3.67
395,Abalak,RU,1512223,58.13,68.59,44.02,94,6,3.83
396,Daitari,IN,1273673,21.1,85.75,74.43,99,94,7.16
397,Goundam,ML,2456917,16.41,-3.67,90.99,36,70,20.11
398,Jinji,CN,1805515,23.23,110.83,79.39,84,3,2.42
399,Tilichiki,RU,2120591,60.47,166.1,53.56,81,100,13.4
400,Kaohsiung City,TW,1673820,22.62,120.31,78.8,88,75,2.24
401,Luganville,VU,2136150,-15.53,167.17,82.4,78,75,12.75
402,Puerto del Rosario,ES,2512186,28.5,-13.86,73.4,78,75,19.46
403,Bundaberg,AU,2173323,-24.85,152.35,69.8,83,45,12.75
404,Staryy Nadym,RU,1490918,65.61,72.68,46.06,77,100,11.61
405,Carutapera,BR,3402648,-1.2,-46.02,77.67,83,100,7.29
406,Cervo,ES,3125287,43.67,-7.41,64.0,89,87,4.52
407,Cobija,BO,3919998,-11.03,-68.77,86.29,43,38,2.42
408,Garoowe,SO,58933,8.41,48.48,74.05,67,100,23.89
409,Mahébourg,MU,934322,-20.41,57.7,69.8,73,40,4.7
410,Black Forest,US,5414069,39.01,-104.7,87.8,6,40,13.87
411,Belmonte,BR,3470137,-15.86,-38.88,73.4,78,20,9.17
412,Kościerzyna,PL,3095126,54.12,17.98,62.01,93,1,1.12
413,La Orilla,MX,4001056,17.98,-102.23,83.98,78,100,9.89
414,Inta,RU,1505579,66.03,60.17,36.16,90,0,1.21
415,Cockburn Town,TC,3576994,21.46,-71.14,86.0,70,40,14.99
416,Fuzhou,CN,1810821,26.06,119.31,84.2,83,75,6.71
417,Lac du Bonnet,CA,6014443,50.25,-96.06,62.01,100,100,5.01
418,Turukhansk,RU,1488903,65.82,87.98,60.06,83,65,14.67
419,Garden City,US,4993659,42.33,-83.33,81.0,51,75,6.93
420,Bengkulu,ID,1649150,-3.8,102.27,75.83,80,27,4.74
421,Mangai,CD,2313084,-4.05,19.53,78.19,56,89,2.48
422,Puerto Escondido,MX,3520994,15.85,-97.07,86.0,62,75,3.74
423,Viedma,AR,3832899,-40.81,-63.0,43.63,56,0,7.74
424,Maniitsoq,GL,3421982,65.42,-52.9,43.79,86,52,12.68
425,Kwinana,AU,2068079,-32.25,115.77,55.99,87,18,10.29
426,Hasaki,JP,2112802,35.73,140.83,87.01,79,75,2.24
427,Kirkwall,GB,2645198,58.98,-2.96,53.6,100,20,5.82
428,Los Llanos de Aridane,ES,2514651,28.66,-17.92,73.4,78,75,16.11
429,Malacacheta,BR,3458121,-17.84,-42.08,62.98,81,0,4.18
430,Markova,UA,701802,48.68,24.41,54.93,90,24,3.09
431,Dalvik,IS,2632287,65.97,-18.53,57.2,41,0,25.28
432,Lengshuitan,CN,1804162,26.41,111.6,82.15,70,58,8.12
433,Zhangye,CN,1785036,38.93,100.45,70.27,42,40,1.88
434,Cayenne,GF,3382160,4.93,-52.33,82.4,78,1,6.93
435,Port Lincoln,AU,2063036,-34.73,135.87,54.3,78,4,8.77
436,Makkah al Mukarramah,SA,104515,21.43,39.83,88.14,30,45,3.83
437,Tura,IN,1254046,25.52,90.22,74.82,97,100,6.58
438,Umluj,SA,100926,25.02,37.27,82.27,71,88,2.93
439,Khatanga,RU,2022572,71.97,102.5,54.99,50,23,16.8
440,Jumla,NP,1283285,29.27,82.18,59.92,70,95,1.63
441,São Miguel do Araguaia,BR,3448455,-13.28,-50.16,78.64,33,0,3.42
442,Damietta,EG,358048,31.42,31.81,78.8,83,0,9.17
443,Quesnel,CA,6115187,53.0,-122.5,60.8,87,90,2.24
444,Takhatpur,IN,1255212,22.15,81.87,78.67,86,99,5.17
445,Smithers,CA,6149996,54.78,-127.17,55.4,100,90,4.7
446,Kayerkan,RU,1497337,69.35,87.76,60.8,72,31,15.66
447,Owen Sound,CA,6095645,44.57,-80.94,80.01,55,0,6.78
448,Alugan,PH,1731248,12.22,125.48,81.5,77,89,3.31
449,Kristiansand,NO,3149318,58.15,8.0,63.0,93,10,3.36
450,Mbaïki,CF,2384770,3.87,17.99,71.62,94,100,3.38
451,Keetmanshoop,NA,3356264,-26.58,18.13,51.28,39,21,3.74
452,Bahawalnagar,PK,1332083,30.55,73.39,87.91,66,42,7.36
453,Hengshui,CN,1808392,37.73,115.7,68.72,95,100,11.41
454,Lagoa Nova,BR,3396662,-6.1,-36.48,66.47,79,13,17.63
455,Shenjiamen,CN,1795632,29.96,122.3,81.41,85,0,17.0
456,Shelburne,CA,6145890,44.08,-80.2,82.4,39,1,6.93
457,Jacareacanga,BR,3397763,-6.22,-57.75,81.1,38,6,1.05
458,Belaya Gora,RU,2126785,68.53,146.42,41.49,77,100,7.87
459,Rizómata,GR,734386,40.35,22.2,75.0,88,5,1.12
460,Havre-St-Pierre,CA,5972291,50.23,-63.6,62.6,67,1,6.93
461,Taltal,CL,3870243,-25.4,-70.48,54.75,66,10,6.31
462,Medicine Hat,CA,6071618,50.05,-110.67,77.0,22,75,13.87
463,Salme,NP,1283472,28.04,85.09,69.8,100,75,2.24
464,Lakhīmpur,IN,1265242,27.95,80.77,81.1,86,100,7.9
465,Nha Trang,VN,1572151,12.25,109.18,80.6,83,20,3.36
466,Pryazha,RU,504409,61.69,33.62,57.2,82,100,4.47
467,Iquitos,PE,3696183,-3.75,-73.25,78.8,88,75,3.36
468,Morococha,PE,3934586,-11.6,-76.14,38.41,67,54,2.91
469,Pacifica,US,5380420,37.61,-122.49,100.4,17,20,14.99
470,Grand Forks,US,5059429,47.93,-97.03,59.0,87,90,18.34
471,Delta del Tigre,UY,3442778,-34.76,-56.39,55.0,87,75,2.24
472,Ixtapa,MX,4004293,20.7,-105.2,89.6,66,75,5.82
473,Tuy Hoa,VN,1563281,13.08,109.3,78.66,84,100,9.98
474,Buncrana,IE,2654332,55.13,-7.45,58.37,95,26,2.95
475,Bubaque,GW,2374583,11.28,-15.83,79.81,84,43,13.0
476,Coudekerque-Branche,FR,3023356,51.02,2.39,68.0,88,17,2.24
477,Andijan,UZ,1514588,40.78,72.34,75.99,80,4,11.99
478,Tiksi,RU,2015306,71.69,128.87,40.21,83,100,10.87
479,Uyuni,BO,3901903,-20.46,-66.83,38.71,53,0,18.39
480,Miles City,US,5666176,46.41,-105.84,80.6,15,1,11.41
481,Lagoa,PT,3372964,39.05,-27.98,73.33,78,59,12.59
482,Brigantine,US,4500920,39.41,-74.36,78.8,57,1,8.05
483,Nea Artaki,GR,256626,38.52,23.63,71.01,55,0,1.99
484,Kimovsk,RU,548658,53.97,38.53,47.26,84,2,8.1
485,Morant Bay,JM,3489440,17.88,-76.41,87.8,58,20,20.8
486,Kuruman,ZA,986134,-27.45,23.43,50.54,37,10,7.76
487,Linfen,CN,1803567,36.09,111.52,69.96,79,98,8.37
488,Noumea,NC,2139521,-22.28,166.46,75.2,57,20,3.36
489,Seoul,KR,1835848,37.57,126.98,78.8,100,90,6.4
490,Touba,CI,2280376,8.28,-7.68,71.26,94,100,5.08
491,San Miguel de Cozumel,MX,3530103,20.51,-86.95,88.0,74,75,9.17
492,Turbat,PK,1163054,26.0,63.04,82.78,79,48,3.13
493,Magrath,CA,6064202,49.42,-112.87,77.0,22,75,8.05
494,Mackay,AU,2159220,-21.15,149.2,75.0,83,14,4.7
495,Wanlaweyn,SO,50672,2.62,44.89,75.25,78,72,18.86
496,Kitui,KE,191038,-1.37,38.01,60.26,80,91,7.43
497,Tsimmerbude,RU,485660,54.67,20.13,61.0,93,15,4.34
498,Katsuura,JP,2112309,35.13,140.3,87.01,77,1,3.0
499,Padang,ID,1633419,-0.95,100.35,78.33,70,96,4.83
500,Isangel,VU,2136825,-19.55,169.27,75.2,73,75,11.41
501,Laguna,US,5364271,38.42,-121.42,107.01,13,1,6.93
502,Kasama,ZM,912764,-10.21,31.18,49.26,75,28,3.27
503,Tuscaloosa,US,4094455,33.21,-87.57,75.2,94,90,2.98
504,Soe,ID,1626703,-9.86,124.28,72.07,62,0,3.29
505,Ulladulla,AU,2145554,-35.35,150.47,57.0,100,90,9.17
506,Maningrida,AU,2067089,-12.07,134.27,80.49,63,88,2.35
507,Korla,CN,1529376,41.76,86.15,75.0,83,0,1.01
508,Khandyga,RU,2022773,62.67,135.6,55.26,45,0,5.23
509,Yenagoa,NG,2318123,4.92,6.26,74.68,88,96,4.34
510,Gulu,UG,233346,2.77,32.3,64.2,93,100,0.92
511,Yichang,CN,1786764,30.71,111.28,81.0,72,93,1.1
512,Vikhorevka,RU,2013399,56.12,101.16,55.4,93,31,4.47
513,Salihorsk,BY,622428,52.79,27.54,52.54,88,19,3.8
514,Puerto Madero,MX,3520989,14.72,-92.42,87.8,70,75,5.82
515,Kailua,US,5847486,21.4,-157.74,82.4,65,20,11.41
516,Koluszki,PL,3095413,51.74,19.82,69.01,60,99,4.7
517,Preobrazheniye,RU,2017658,42.9,133.91,69.89,82,45,3.0
518,Khovd,MN,1516048,48.01,91.64,62.22,54,100,5.61
519,Jiwani,PK,1175712,25.05,61.74,82.36,81,68,5.28
520,Chernyshevskiy,RU,2025456,63.01,112.47,45.64,76,100,5.06
521,Saint-Louis,SN,2246451,16.33,-15.0,87.8,70,50,2.24
522,Chardara,KZ,1524889,41.25,67.97,70.21,36,0,6.73
523,Saint-Joseph,RE,6690296,-21.37,55.62,66.2,72,75,5.82
524,Khasan,RU,2039557,42.43,130.64,76.89,71,45,4.29
525,Bargi,IN,1276982,22.98,79.87,75.38,90,100,6.85
526,Novoorsk,RU,518418,51.38,58.98,55.4,93,75,2.91
527,Mogok,MM,1308937,22.92,96.5,66.07,100,100,3.4
528,Gilgit,PK,1178338,35.92,74.31,78.93,41,3,4.65
529,Sørland,NO,3137469,67.67,12.69,56.48,95,100,21.54
530,Seddon,AU,7281807,-37.81,144.89,54.0,93,0,5.82
531,Fernley,US,5504003,39.61,-119.25,96.01,15,77,1.99
532,Marzuq,YE,72181,14.4,46.47,83.61,39,97,4.72
533,Champerico,GT,3598787,14.3,-91.92,80.6,83,40,6.62
534,Amzya,RU,582222,56.24,54.39,53.92,95,100,5.64
535,Quila,MX,3991148,24.42,-107.22,89.01,70,90,6.93
536,Matipó,BR,3457454,-20.28,-42.34,63.1,82,21,2.98
537,Lusambo,CD,210379,-4.97,23.45,75.51,59,58,0.96
538,Kidal,ML,2455290,18.44,1.41,94.19,24,19,8.28
539,Qui Nhon,VN,1568574,13.77,109.23,79.75,80,100,5.99
540,Grand-Santi,GF,3381538,4.25,-54.38,74.41,93,26,3.65
541,Gaomi,CN,1810458,36.38,119.75,84.2,89,100,6.71
542,Chicama,PE,3698359,-7.84,-79.15,61.27,82,30,6.85
543,Nagornskiy,RU,558209,58.77,57.55,51.01,65,100,1.99
544,Tegul'det,RU,1489822,57.31,88.17,58.51,97,37,4.68
545,Paamiut,GL,3421193,61.99,-49.67,43.9,82,0,24.72
546,Buala,SB,2109528,-8.14,159.59,84.74,67,56,4.09
547,Fort Saint James,CA,5881688,54.43,-124.25,54.07,91,100,2.26
548,Lata,PT,2738381,40.16,-8.33,64.99,94,2,1.34
549,Pathein,MM,1328421,16.78,94.73,77.34,94,100,5.01
550,Camacha,PT,2270385,33.08,-16.33,71.6,78,20,10.29
551,Zhuhai,CN,1790437,22.28,113.57,84.2,79,20,5.82
552,Jiblah,YE,74185,13.92,44.15,67.89,70,95,3.36
553,Fort Portal,UG,233476,0.66,30.27,60.28,95,67,1.12
554,Moranbah,AU,6533368,-22.0,148.05,72.7,50,41,11.18
555,Clyde River,CA,5924351,70.47,-68.59,42.8,93,90,16.11
556,Talcahuano,CL,3870282,-36.72,-73.12,48.2,70,40,8.05
557,Fort Nelson,CA,5955902,58.81,-122.7,66.2,55,75,8.05
558,Chipata,ZM,918702,-13.63,32.65,57.27,65,7,8.12
